원문명칭,데이터구분,탄소계수_KRW
Activities auxiliary to financial intermediation (67),산업(ixi),0.00011672
Activities of membership organisation n.e.c. (91),산업(ixi),0.00023714
Additives/Blending Components,제품(pxp),0.00070397
Air transport (62),산업(ixi),0.00086759
Air transport services (62),제품(pxp),0.00086759
Aluminium and aluminium products,제품(pxp),0.0009942
Aluminium ores and concentrates,제품(pxp),0.00090245
Aluminium production,산업(ixi),0.00108595
Animal products nec,산업(ixi),0.00089295
Animal products nec,제품(pxp),0.00088922
Anthracite,제품(pxp),0.00277949
"Ash for treatment, Re-processing of ash into clinker",제품(pxp),0.0
Aviation Gasoline,제품(pxp),0.00066432
BKB/Peat Briquettes,제품(pxp),0.00085029
Basic iron and steel and of ferro-alloys and first products thereof,제품(pxp),0.00086281
Beverages,제품(pxp),0.0007748
Biodiesels,제품(pxp),0.00070908
Biogas,제품(pxp),0.01108683
"Biogasification of food waste, incl. land application",산업(ixi),0.0
"Biogasification of paper, incl. land application",산업(ixi),0.0
"Biogasification of sewage slugde, incl. land application",산업(ixi),0.0
Biogasoline,제품(pxp),0.00072591
Bitumen,제품(pxp),0.00185223
Blast Furnace Gas,제품(pxp),0.01112729
"Bottles for treatment, Recycling of bottles by direct reuse",제품(pxp),0.00097149
"Bricks, tiles and construction products, in baked clay",제품(pxp),0.0008643
Casting of metals,산업(ixi),0.00076337
Cattle,제품(pxp),0.00140032
Cattle farming,산업(ixi),0.00140043
"Cement, lime and plaster",제품(pxp),0.00325393
Ceramic goods,제품(pxp),0.00063011
Cereal grains nec,제품(pxp),0.00057394
Charcoal,제품(pxp),0.00074494
"Chemical and fertilizer minerals, salt and other mining and quarrying products n.e.c.",제품(pxp),0.00050022
Chemicals nec,산업(ixi),0.0007043
Chemicals nec,제품(pxp),0.00086086
Coal Tar,제품(pxp),0.00097801
Coke Oven Coke,제품(pxp),0.00785884
Coke oven gas,제품(pxp),0.01117904
Coking Coal,제품(pxp),0.00238025
"Collected and purified water, distribution services of water (41)",제품(pxp),0.00097149
"Collection, purification and distribution of water (41)",산업(ixi),0.0009715
"Composting of food waste, incl. land application",산업(ixi),0.0
"Composting of paper and wood, incl. land application",산업(ixi),0.0
Computer and related activities (72),산업(ixi),0.00019983
Computer and related services (72),제품(pxp),0.00020008
Construction (45),산업(ixi),0.00046664
Construction work (45),제품(pxp),0.00046664
Copper ores and concentrates,제품(pxp),0.00040076
Copper production,산업(ixi),0.00072131
Copper products,제품(pxp),0.00070707
Crops nec,제품(pxp),8.948e-05
"Crude petroleum and services related to crude oil extraction, excluding surveying",제품(pxp),0.00229012
Cultivation of cereal grains nec,산업(ixi),0.00057859
Cultivation of crops nec,산업(ixi),8.025e-05
Cultivation of oil seeds,산업(ixi),0.00031462
Cultivation of paddy rice,산업(ixi),0.00111103
Cultivation of plant-based fibers,산업(ixi),0.0002252
"Cultivation of sugar cane, sugar beet",산업(ixi),0.0
"Cultivation of vegetables, fruit, nuts",산업(ixi),0.00023012
Cultivation of wheat,산업(ixi),0.00043269
Dairy products,제품(pxp),0.00044256
Distribution and trade of electricity,산업(ixi),0.00014463
Distribution and trade services of electricity,제품(pxp),0.00014905
Distribution services of gaseous fuels through mains,제품(pxp),0.00049182
Education (80),산업(ixi),0.00022779
Education services (80),제품(pxp),0.00022941
Electrical machinery and apparatus n.e.c. (31),제품(pxp),0.00027478
Electricity by Geothermal,제품(pxp),0.00079945
Electricity by biomass and waste,제품(pxp),0.00047925
Electricity by coal,제품(pxp),0.01096608
Electricity by gas,제품(pxp),0.00466093
Electricity by hydro,제품(pxp),0.00026854
Electricity by nuclear,제품(pxp),0.00019844
Electricity by petroleum and other oil derivatives,제품(pxp),0.00207954
Electricity by solar photovoltaic,제품(pxp),4.734e-05
Electricity by solar thermal,제품(pxp),0.00116911
"Electricity by tide, wave, ocean",제품(pxp),0.000201
Electricity by wind,제품(pxp),0.00017498
Electricity nec,제품(pxp),0.00016396
Ethane,제품(pxp),0.00054819
Extra-territorial organizations and bodies,산업(ixi),0.0
Extra-territorial organizations and bodies,제품(pxp),0.0
"Extraction of crude petroleum and services related to crude oil extraction, excluding surveying",산업(ixi),0.00966548
"Extraction of natural gas and services related to natural gas extraction, excluding surveying",산업(ixi),0.02528025
"Extraction, liquefaction, and regasification of other petroleum and gaseous materials",산업(ixi),0.0
"Fabricated metal products, except machinery and equipment (28)",제품(pxp),0.00037968
"Financial intermediation services, except insurance and pension funding services (65)",제품(pxp),9.132e-05
"Financial intermediation, except insurance and pension funding (65)",산업(ixi),9.132e-05
Fish and other fishing products; services incidental of fishing (05),제품(pxp),0.00064683
Fish products,제품(pxp),0.00062525
"Fishing, operating of fish hatcheries and fish farms; service activities incidental to fishing (05)",산업(ixi),0.00064682
Food products nec,제품(pxp),0.00046292
Food waste for treatment: biogasification and land application,제품(pxp),0.00015939
Food waste for treatment: composting and land application,제품(pxp),0.00045812
Food waste for treatment: incineration,제품(pxp),0.0002208
Food waste for treatment: landfill,제품(pxp),0.00022724
Food waste for treatment: waste water treatment,제품(pxp),0.00143813
"Forestry, logging and related service activities (02)",산업(ixi),0.00016488
Foundry work services,제품(pxp),0.00065664
Furniture; other manufactured goods n.e.c. (36),제품(pxp),0.00028611
Gas Coke,제품(pxp),0.0
Gas Works Gas,제품(pxp),0.01121436
Gas/Diesel Oil,제품(pxp),0.00107575
Gasoline Type Jet Fuel,제품(pxp),0.0
Glass and glass products,제품(pxp),0.00045264
Health and social work (85),산업(ixi),0.00017708
Health and social work services (85),제품(pxp),0.0001771
Heavy Fuel Oil,제품(pxp),0.00104803
Hotel and restaurant services (55),제품(pxp),0.00031478
Hotels and restaurants (55),산업(ixi),0.0003186
Incineration of waste: Food,산업(ixi),0.00114313
Incineration of waste: Metals and Inert materials,산업(ixi),0.00143031
Incineration of waste: Oil/Hazardous waste,산업(ixi),0.00111378
Incineration of waste: Paper,산업(ixi),0.00114723
Incineration of waste: Plastic,산업(ixi),0.002373
Incineration of waste: Textiles,산업(ixi),0.00111113
Incineration of waste: Wood,산업(ixi),0.00111446
Inert/metal/hazardous waste for treatment: landfill,제품(pxp),0.00030105
Inland water transport,산업(ixi),0.00058793
Inland water transportation services,제품(pxp),0.00057582
"Insurance and pension funding services, except compulsory social security services (66)",제품(pxp),0.00014753
"Insurance and pension funding, except compulsory social security (66)",산업(ixi),0.00014753
Intert/metal waste for treatment: incineration,제품(pxp),0.00046797
Iron ores,제품(pxp),0.00060371
Kerosene,제품(pxp),0.00115865
Kerosene Type Jet Fuel,제품(pxp),0.00111546
Landfill of waste: Food,산업(ixi),0.0
Landfill of waste: Inert/metal/hazardous,산업(ixi),0.0
Landfill of waste: Paper,산업(ixi),0.0
Landfill of waste: Plastic,산업(ixi),0.0
Landfill of waste: Textiles,산업(ixi),0.0
Landfill of waste: Wood,산업(ixi),0.0
"Lead, zinc and tin and products thereof",제품(pxp),0.00095823
"Lead, zinc and tin ores and concentrates",제품(pxp),0.00060596
"Lead, zinc and tin production",산업(ixi),0.00097958
Leather and leather products (19),제품(pxp),0.00036779
Lignite/Brown Coal,제품(pxp),0.00063594
Liquefied Petroleum Gases (LPG),제품(pxp),0.00094075
Lubricants,제품(pxp),0.00099833
Machinery and equipment n.e.c. (29),제품(pxp),0.00049102
Manufacture of basic iron and steel and of ferro-alloys and first products thereof,산업(ixi),0.0007969
Manufacture of beverages,산업(ixi),0.00077904
"Manufacture of bricks, tiles and construction products, in baked clay",산업(ixi),0.00118595
"Manufacture of cement, lime and plaster",산업(ixi),0.00342445
Manufacture of ceramic goods,산업(ixi),0.00063547
Manufacture of coke oven products,산업(ixi),0.01041949
Manufacture of electrical machinery and apparatus n.e.c. (31),산업(ixi),0.00022021
"Manufacture of fabricated metal products, except machinery and equipment (28)",산업(ixi),0.00037135
Manufacture of fish products,산업(ixi),0.0006251
Manufacture of furniture; manufacturing n.e.c. (36),산업(ixi),0.00027866
Manufacture of gas; distribution of gaseous fuels through mains,산업(ixi),0.01123846
Manufacture of glass and glass products,산업(ixi),0.00044978
Manufacture of machinery and equipment n.e.c. (29),산업(ixi),0.00050822
"Manufacture of medical, precision and optical instruments, watches and clocks (33)",산업(ixi),0.00018433
"Manufacture of motor vehicles, trailers and semi-trailers (34)",산업(ixi),0.00026908
Manufacture of office machinery and computers (30),산업(ixi),0.00046624
Manufacture of other non-metallic mineral products n.e.c.,산업(ixi),0.00107613
Manufacture of other transport equipment (35),산업(ixi),0.00040823
"Manufacture of radio, television and communication equipment and apparatus (32)",산업(ixi),0.00017121
Manufacture of rubber and plastic products (25),산업(ixi),0.00054675
Manufacture of textiles (17),산업(ixi),0.00028613
Manufacture of tobacco products (16),산업(ixi),0.00017877
Manufacture of wearing apparel; dressing and dyeing of fur (18),산업(ixi),0.00019416
"Manufacture of wood and of products of wood and cork, except furniture; manufacture of articles of straw and plaiting materials (20)",산업(ixi),0.00048789
Manure (biogas treatment),제품(pxp),0.0
Manure (conventional treatment),제품(pxp),0.0
"Manure treatment (biogas), storage and land application",산업(ixi),0.0
"Manure treatment (conventional), storage and land application",산업(ixi),0.0
Meat animals nec,산업(ixi),0.00067786
Meat animals nec,제품(pxp),0.00065773
Meat products nec,제품(pxp),0.00040343
"Medical, precision and optical instruments, watches and clocks (33)",제품(pxp),0.00028408
Membership organisation services n.e.c. (91),제품(pxp),0.00023709
Mining of aluminium ores and concentrates,산업(ixi),0.0
"Mining of chemical and fertilizer minerals, production of salt, other mining and quarrying n.e.c.",산업(ixi),0.0005645
Mining of coal and lignite; extraction of peat (10),산업(ixi),0.00277979
Mining of copper ores and concentrates,산업(ixi),0.00021967
Mining of iron ores,산업(ixi),0.00188135
"Mining of lead, zinc and tin ores and concentrates",산업(ixi),0.00300283
Mining of nickel ores and concentrates,산업(ixi),0.00102586
Mining of other non-ferrous metal ores and concentrates,산업(ixi),0.0009977
Mining of precious metal ores and concentrates,산업(ixi),0.00117938
Mining of uranium and thorium ores (12),산업(ixi),0.0
Motor Gasoline,제품(pxp),0.00078378
"Motor vehicles, trailers and semi-trailers (34)",제품(pxp),0.00027432
N-fertiliser,산업(ixi),0.0016509
N-fertiliser,제품(pxp),0.00054835
Naphtha,제품(pxp),0.00114174
Natural Gas Liquids,제품(pxp),0.00084973
"Natural gas and services related to natural gas extraction, excluding surveying",제품(pxp),0.01039134
Nickel ores and concentrates,제품(pxp),0.00102587
Non-specified Petroleum Products,제품(pxp),0.00090186
Nuclear fuel,제품(pxp),0.00083799
Office machinery and computers (30),제품(pxp),0.00046542
Oil seeds,제품(pxp),0.00031475
Oil/hazardous waste for treatment: incineration,제품(pxp),0.0005966
Other Bituminous Coal,제품(pxp),0.0006349
Other Hydrocarbons,제품(pxp),0.0006366
Other Liquid Biofuels,제품(pxp),0.00070264
Other business activities (74),산업(ixi),0.00016519
Other business services (74),제품(pxp),0.000166
Other land transport,산업(ixi),0.00018379
Other land transportation services,제품(pxp),0.00018408
Other non-ferrous metal ores and concentrates,제품(pxp),0.00099766
Other non-ferrous metal production,산업(ixi),0.001021
Other non-ferrous metal products,제품(pxp),0.00090919
Other non-metallic mineral products,제품(pxp),0.0010627
Other service activities (93),산업(ixi),0.00024795
Other services (93),제품(pxp),0.00024585
Other transport equipment (35),제품(pxp),0.00041214
Other waste for treatment: waste water treatment,제품(pxp),0.01054639
Oxygen Steel Furnace Gas,제품(pxp),0.00080295
P- and other fertiliser,산업(ixi),0.00054563
P- and other fertiliser,제품(pxp),0.00056014
Paddy rice,제품(pxp),0.00111096
Paper,산업(ixi),0.00045443
Paper and paper products,제품(pxp),0.00045765
Paper and wood waste for treatment: composting and land application,제품(pxp),0.00014348
Paper for treatment: landfill,제품(pxp),0.00025596
Paper waste for treatment: biogasification and land application,제품(pxp),0.00014102
Paper waste for treatment: incineration,제품(pxp),0.01095861
Paraffin Waxes,제품(pxp),0.00086032
Patent Fuel,제품(pxp),0.0027798
Peat,제품(pxp),0.00084983
Petroleum Coke,제품(pxp),0.00090372
Petroleum Refinery,산업(ixi),0.0011691
Pigs,제품(pxp),0.00041944
Pigs farming,산업(ixi),0.00041945
Plant-based fibers,제품(pxp),0.00033636
Plastic waste for treatment: incineration,제품(pxp),0.00209146
Plastic waste for treatment: landfill,제품(pxp),0.00015926
"Plastics, basic",산업(ixi),0.00085028
"Plastics, basic",제품(pxp),0.00087765
Post and telecommunication services (64),제품(pxp),0.00011346
Post and telecommunications (64),산업(ixi),0.00011346
Poultry,제품(pxp),0.00056791
Poultry farming,산업(ixi),0.00056796
Precious metal ores and concentrates,제품(pxp),0.00117891
Precious metals,제품(pxp),0.00041342
Precious metals production,산업(ixi),0.00042287
Printed matter and recorded media (22),제품(pxp),0.00035204
Private households with employed persons (95),산업(ixi),0.00796046
Private households with employed persons (95),제품(pxp),0.00796046
Processed rice,산업(ixi),0.00065032
Processed rice,제품(pxp),0.00037289
Processing of Food products nec,산업(ixi),0.00046256
Processing of dairy products,산업(ixi),0.00043948
Processing of meat cattle,산업(ixi),0.00155291
Processing of meat pigs,산업(ixi),0.00033536
Processing of meat poultry,산업(ixi),0.00057139
Processing of nuclear fuel,산업(ixi),0.00051894
Processing vegetable oils and fats,산업(ixi),0.00024717
Production of electricity by Geothermal,산업(ixi),0.0
Production of electricity by biomass and waste,산업(ixi),0.00045931
Production of electricity by coal,산업(ixi),0.01102163
Production of electricity by gas,산업(ixi),0.00467946
Production of electricity by hydro,산업(ixi),0.00019425
Production of electricity by nuclear,산업(ixi),0.00019563
Production of electricity by petroleum and other oil derivatives,산업(ixi),0.00209398
Production of electricity by solar photovoltaic,산업(ixi),4.726e-05
Production of electricity by solar thermal,산업(ixi),0.0
"Production of electricity by tide, wave, ocean",산업(ixi),0.00020092
Production of electricity by wind,산업(ixi),0.00016389
Production of electricity nec,산업(ixi),0.0001566
Production of meat products nec,산업(ixi),0.00042485
"Products of forestry, logging and related services (02)",제품(pxp),0.00016488
Products of meat cattle,제품(pxp),0.00152961
Products of meat pigs,제품(pxp),0.00033599
Products of meat poultry,제품(pxp),0.00055707
Public administration and defence services; compulsory social security services (75),제품(pxp),0.00015035
Public administration and defence; compulsory social security (75),산업(ixi),0.00015035
"Publishing, printing and reproduction of recorded media (22)",산업(ixi),0.00035429
Pulp,산업(ixi),0.00079834
Pulp,제품(pxp),0.00074321
Quarrying of sand and clay,산업(ixi),0.00091592
Quarrying of stone,산업(ixi),0.00063095
"Radio, television and communication equipment and apparatus (32)",제품(pxp),0.0001752
Railway transportation services,제품(pxp),0.00021646
Raw milk,산업(ixi),0.00036259
Raw milk,제품(pxp),0.00036255
Re-processing of ash into clinker,산업(ixi),0.0
Re-processing of secondary aluminium into new aluminium,산업(ixi),0.0
Re-processing of secondary construction material into aggregates,산업(ixi),0.0
Re-processing of secondary copper into new copper,산업(ixi),0.0
Re-processing of secondary glass into new glass,산업(ixi),0.0
"Re-processing of secondary lead into new lead, zinc and tin",산업(ixi),0.0
Re-processing of secondary other non-ferrous metals into new other non-ferrous metals,산업(ixi),0.0
Re-processing of secondary paper into new pulp,산업(ixi),0.0
Re-processing of secondary plastic into new plastic,산업(ixi),0.0
Re-processing of secondary preciuos metals into new preciuos metals,산업(ixi),0.0
Re-processing of secondary steel into new steel,산업(ixi),0.00109606
Re-processing of secondary wood material into new wood material,산업(ixi),0.0
Real estate activities (70),산업(ixi),6.568e-05
Real estate services (70),제품(pxp),7.111e-05
"Recreational, cultural and sporting activities (92)",산업(ixi),0.00017499
"Recreational, cultural and sporting services (92)",제품(pxp),0.00017471
Recycling of bottles by direct reuse,산업(ixi),0.0
Recycling of waste and scrap,산업(ixi),0.00073051
Refinery Feedstocks,제품(pxp),0.00114
Refinery Gas,제품(pxp),0.00100656
Renting of machinery and equipment without operator and of personal and household goods (71),산업(ixi),0.00026652
Renting services of machinery and equipment without operator and of personal and household goods (71),제품(pxp),0.00027352
Research and development (73),산업(ixi),0.0001219
Research and development services (73),제품(pxp),0.0001219
"Retail  trade services, except of motor vehicles and motorcycles; repair services of personal and household goods (52)",제품(pxp),0.00023157
Retail sale of automotive fuel,산업(ixi),0.00037928
Retail trade services of motor fuel,제품(pxp),0.00037894
"Retail trade, except of motor vehicles and motorcycles; repair of personal and household goods (52)",산업(ixi),0.00023061
Rubber and plastic products (25),제품(pxp),0.00054625
"Sale, maintenance, repair of motor vehicles, motor vehicles parts, motorcycles, motor cycles parts and accessoiries",산업(ixi),0.00034958
"Sale, maintenance, repair of motor vehicles, motor vehicles parts, motorcycles, motor cycles parts and accessoiries",제품(pxp),0.00034775
Sand and clay,제품(pxp),0.00094685
Sea and coastal water transport,산업(ixi),0.00174805
Sea and coastal water transportation services,제품(pxp),0.00174019
"Secondary aluminium for treatment, Re-processing of secondary aluminium into new aluminium",제품(pxp),0.0
"Secondary construction material for treatment, Re-processing of secondary construction material into aggregates",제품(pxp),0.0
"Secondary copper for treatment, Re-processing of secondary copper into new copper",제품(pxp),0.0
"Secondary glass for treatment, Re-processing of secondary glass into new glass",제품(pxp),0.0
"Secondary lead for treatment, Re-processing of secondary lead into new lead",제품(pxp),0.0
"Secondary other non-ferrous metals for treatment, Re-processing of secondary other non-ferrous metals into new other non-ferrous metals",제품(pxp),0.0
"Secondary paper for treatment, Re-processing of secondary paper into new pulp",제품(pxp),0.0
"Secondary plastic for treatment, Re-processing of secondary plastic into new plastic",제품(pxp),0.0
"Secondary preciuos metals for treatment, Re-processing of secondary preciuos metals into new preciuos metals",제품(pxp),0.0
Secondary raw materials,제품(pxp),0.00072851
"Secondary steel for treatment, Re-processing of secondary steel into new steel",제품(pxp),0.0
Services auxiliary to financial intermediation (67),제품(pxp),0.00011672
Sewage sludge for treatment: biogasification and land application,제품(pxp),0.0003092
Steam and hot water supply,산업(ixi),0.00741148
Steam and hot water supply services,제품(pxp),0.00737279
Stone,제품(pxp),0.00077885
Sub-Bituminous Coal,제품(pxp),0.00066449
Sugar,제품(pxp),0.00043027
"Sugar cane, sugar beet",제품(pxp),0.00033618
Sugar refining,산업(ixi),0.00042695
Supporting and auxiliary transport activities; activities of travel agencies (63),산업(ixi),0.00020845
Supporting and auxiliary transport services; travel agency services (63),제품(pxp),0.00020623
"Tanning and dressing of leather; manufacture of luggage, handbags, saddlery, harness and footwear (19)",산업(ixi),0.00036919
Textiles (17),제품(pxp),0.00029514
Textiles waste for treatment: incineration,제품(pxp),0.00207864
Textiles waste for treatment: landfill,제품(pxp),0.00017357
Tobacco products (16),제품(pxp),0.00017924
Transmission of electricity,산업(ixi),0.00015896
Transmission services of electricity,제품(pxp),0.00016277
Transport via pipelines,산업(ixi),0.00043226
Transport via railways,산업(ixi),0.00021642
Transportation services via pipelines,제품(pxp),0.00043213
Uranium and thorium ores (12),제품(pxp),0.00067722
"Vegetables, fruit, nuts",제품(pxp),0.00023025
"Waste water treatment, food",산업(ixi),0.07722498
"Waste water treatment, other",산업(ixi),0.38764436
Wearing apparel; furs (18),제품(pxp),0.00020437
Wheat,제품(pxp),0.00036993
White Spirit & SBP,제품(pxp),0.0011229
"Wholesale trade and commission trade services, except of motor vehicles and motorcycles (51)",제품(pxp),0.00022949
"Wholesale trade and commission trade, except of motor vehicles and motorcycles (51)",산업(ixi),0.00022094
Wood and products of wood and cork (except furniture); articles of straw and plaiting materials (20),제품(pxp),0.00048627
"Wood material for treatment, Re-processing of secondary wood material into new wood material",제품(pxp),0.0
Wood waste for treatment: incineration,제품(pxp),0.00064295
Wood waste for treatment: landfill,제품(pxp),0.00018045
"Wool, silk-worm cocoons",산업(ixi),0.00039215
"Wool, silk-worm cocoons",제품(pxp),0.0006496
products of Vegetable oils and fats,제품(pxp),0.00026136
